{"loss": [0.10369960324424307, 0.064185728254678, 0.059148852067911414, 0.05558628445048162, 0.05377288462827578, 0.051791813100695305, 0.05094209350550266, 0.05131923766506603, 0.050250829199848274, 0.05015402157669482, 0.05042395836976178, 0.04919114536450952, 0.04915399887525212, 0.048752556924167495, 0.04838531268069811, 0.04792741306431001, 0.04731579983363981, 0.04737598104092776, 0.04759792111756857, 0.047489936165797435, 0.047376260008958296, 0.04799851277828826, 0.04700395581133835, 0.04733508212677658, 0.046662741990955284, 0.04705498998274889, 0.04596245446054222, 0.04651452583806289, 0.04622323442812618, 0.04645380359190657, 0.04562443391898709, 0.04623709206023942, 0.04580273233887637, 0.04546629626046666, 0.0459694137363254, 0.04531418341581169, 0.04572239493870217, 0.046166785737818766, 0.04596452718919805, 0.0453274054333682, 0.045331568497678505, 0.04561111038965185, 0.04548588823860564, 0.04529764777635369, 0.04527475673448094, 0.044959120190395115, 0.04575268991882234, 0.045050024595635625, 0.04426727104274666, 0.044778613945293, 0.04469060289013721, 0.04466815409071915, 0.044700867498812774, 0.044527414647857554, 0.045496769092233894, 0.044588785985356094, 0.044834653387213, 0.04452477196407745, 0.044539926116309504, 0.04404098784927365, 0.045144425709839064, 0.044135840261912404, 0.04406877426559205, 0.04478590322367828, 0.04434575255283767, 0.04409790923699851, 0.043769779941424385, 0.04473454331326515, 0.04374576532913139, 0.044005351698459566, 0.04412084121419036, 0.043744863761241176, 0.044129370352077056, 0.04410025626992631, 0.043621979577614524, 0.04478459380795736, 0.04385618609197609, 0.044128886602647466, 0.04351610198731313, 0.043402670732582624, 0.0439685955119636, 0.04364437722812985, 0.043763171824271724, 0.0436235126584311, 0.04368622427629998, 0.04398141948558638, 0.04322306057223883, 0.043108230504347846, 0.04392922278541281, 0.04384270304208979, 0.04417224337473093, 0.0435001637805682, 0.04382651875181424, 0.04268801853518047, 0.043182521296279204, 0.043203605448498446, 0.04405811536209205, 0.04317302136774868, 0.043319894967938935, 0.04320626108028242], "lr": [0.0001, 9.997557473810373e-05, 9.990232305719946e-05, 9.978031724785248e-05, 9.960967771506668e-05, 9.939057285945934e-05, 9.912321891107012e-05, 9.880787971596802e-05, 9.844486647586726e-05, 9.80345374410087e-05, 9.757729755661012e-05, 9.707359806323419e-05, 9.652393605146847e-05, 9.592885397135708e-05, 9.5288939097068e-05, 9.460482294732424e-05, 9.387718066217127e-05, 9.310673033669524e-05, 9.229423231234978e-05, 9.144048842659084e-05, 9.054634122155993e-05, 8.96126731125967e-05, 8.864040551740159e-05, 8.763049794670778e-05, 8.65839470573599e-05, 8.550178566873413e-05, 8.438508174347012e-05, 8.32349373335208e-05, 8.205248749256017e-05, 8.083889915582238e-05, 7.959536998847746e-05, 7.83231272036805e-05, 7.702342635146036e-05, 7.56975500796434e-05, 7.434680686803493e-05, 7.297252973710759e-05, 7.157607493247112e-05, 7.015882058642166e-05, 6.87221653578916e-05, 6.726752705214197e-05, 6.579634122155994e-05, 6.431005974894189e-05, 6.281014941466034e-05, 6.12980904491289e-05, 5.977537507199341e-05, 5.8243506019491463e-05, 5.67039950614331e-05, 5.515836150926649e-05, 5.3608130716701046e-05, 5.205483257436738e-05, 5.050000000000003e-05, 4.894516742563268e-05, 4.739186928329902e-05, 4.584163849073357e-05, 4.429600493856697e-05, 4.275649398050859e-05, 4.122462492800665e-05, 3.9701909550871175e-05, 3.81898505853397e-05, 3.668994025105817e-05, 3.520365877844013e-05, 3.373247294785809e-05, 3.227783464210847e-05, 3.0841179413578366e-05, 2.9423925067528915e-05, 2.8027470262892447e-05, 2.6653193131965096e-05, 2.530244992035663e-05, 2.3976573648539666e-05, 2.2676872796319543e-05, 2.1404630011522596e-05, 2.016110084417767e-05, 1.894751250743987e-05, 1.776506266647925e-05, 1.661491825652992e-05, 1.549821433126591e-05, 1.4416052942640147e-05, 1.3369502053292264e-05, 1.2359594482598444e-05, 1.1387326887403332e-05, 1.0453658778440112e-05, 9.559511573409205e-06, 8.70576768765027e-06, 7.893269663304789e-06, 7.1228193378287565e-06, 6.395177052675798e-06, 5.711060902932045e-06, 5.071146028642947e-06, 4.476063948531561e-06, 3.926401936765843e-06, 3.4227024433899027e-06, 2.9654625589913256e-06, 2.5551335241327686e-06, 2.1921202840320086e-06, 1.8767810889299092e-06, 1.6094271405406865e-06, 1.3903222849333511e-06, 1.2196827521475405e-06, 1.097676942800558e-06, 1.0244252618962857e-06]}