{"loss": [0.10158611544410286, 0.0630832523526743, 0.058674322274487344, 0.05547725469293192, 0.053427558539964046, 0.05228528115526795, 0.05249196655876801, 0.05058572812915763, 0.04961847959805633, 0.04928318169110876, 0.04958024694372321, 0.048619986009186184, 0.04809889321684685, 0.0479715408142799, 0.0478035172499964, 0.04718388286431122, 0.04738411074861541, 0.04648858020582315, 0.047089711593849885, 0.047754153837938136, 0.04670471662793623, 0.04701381417758325, 0.04646388977727926, 0.04605616607210215, 0.04620199044570898, 0.04600176662016098, 0.046224468147091545, 0.04625483856195836, 0.046060441038035374, 0.04574502620588788, 0.04533187918784216, 0.0459953314384155, 0.04644309073839041, 0.045539090881490954, 0.04515791143221624, 0.04516656133239074, 0.04573896299104404, 0.045056446624533904, 0.044986016700601636, 0.04455061024888549, 0.0451356196904655, 0.04505467119024081, 0.04513636114709365, 0.04472263535613294, 0.044857507628743604, 0.04504195392093695, 0.045343535630713645, 0.0446713716601548, 0.044695463426925645, 0.04477963487967811, 0.04377749450314228, 0.04443795487875371, 0.044930122764138006, 0.04438716906320561, 0.04413044619876558, 0.043939112006779524, 0.044389749083982404, 0.044186972829577564, 0.044677489463363765, 0.04434498171786518, 0.04407260091046391, 0.04440447729071388, 0.04426676441279366, 0.044293122389889736, 0.04401698839062315, 0.044192537179459694, 0.0443596665740318, 0.04434776411908667, 0.04420294273940041, 0.044405302656885914, 0.04415128696852785, 0.04430824347183375, 0.04418016475198976, 0.04432202697448109, 0.04398073561851631, 0.04273929447888413, 0.0437208233148698, 0.04326011333376398, 0.04255683062231297, 0.0437867978106603, 0.04334148409707315, 0.04420855077807708, 0.042982511208071124, 0.04344301403064252, 0.043483387092914424, 0.043390274257458686, 0.043140592606133205, 0.04366741365160021, 0.04360835758202216, 0.04276777146970067, 0.043572787528909994, 0.04255418772416194, 0.04333097034650843, 0.04334735595966544, 0.043125279695557815, 0.04292939688600695, 0.04355430888378864, 0.043682728639191676, 0.043394087682790156, 0.04293514027372193], "lr": [0.0001, 9.997557473810373e-05, 9.990232305719946e-05, 9.978031724785248e-05, 9.960967771506668e-05, 9.939057285945934e-05, 9.912321891107012e-05, 9.880787971596802e-05, 9.844486647586726e-05, 9.80345374410087e-05, 9.757729755661012e-05, 9.707359806323419e-05, 9.652393605146847e-05, 9.592885397135708e-05, 9.5288939097068e-05, 9.460482294732424e-05, 9.387718066217127e-05, 9.310673033669524e-05, 9.229423231234978e-05, 9.144048842659084e-05, 9.054634122155993e-05, 8.96126731125967e-05, 8.864040551740159e-05, 8.763049794670778e-05, 8.65839470573599e-05, 8.550178566873413e-05, 8.438508174347012e-05, 8.32349373335208e-05, 8.205248749256017e-05, 8.083889915582238e-05, 7.959536998847746e-05, 7.83231272036805e-05, 7.702342635146036e-05, 7.56975500796434e-05, 7.434680686803493e-05, 7.297252973710759e-05, 7.157607493247112e-05, 7.015882058642166e-05, 6.87221653578916e-05, 6.726752705214197e-05, 6.579634122155994e-05, 6.431005974894189e-05, 6.281014941466034e-05, 6.12980904491289e-05, 5.977537507199341e-05, 5.8243506019491463e-05, 5.67039950614331e-05, 5.515836150926649e-05, 5.3608130716701046e-05, 5.205483257436738e-05, 5.050000000000003e-05, 4.894516742563268e-05, 4.739186928329902e-05, 4.584163849073357e-05, 4.429600493856697e-05, 4.275649398050859e-05, 4.122462492800665e-05, 3.9701909550871175e-05, 3.81898505853397e-05, 3.668994025105817e-05, 3.520365877844013e-05, 3.373247294785809e-05, 3.227783464210847e-05, 3.0841179413578366e-05, 2.9423925067528915e-05, 2.8027470262892447e-05, 2.6653193131965096e-05, 2.530244992035663e-05, 2.3976573648539666e-05, 2.2676872796319543e-05, 2.1404630011522596e-05, 2.016110084417767e-05, 1.894751250743987e-05, 1.776506266647925e-05, 1.661491825652992e-05, 1.549821433126591e-05, 1.4416052942640147e-05, 1.3369502053292264e-05, 1.2359594482598444e-05, 1.1387326887403332e-05, 1.0453658778440112e-05, 9.559511573409205e-06, 8.70576768765027e-06, 7.893269663304789e-06, 7.1228193378287565e-06, 6.395177052675798e-06, 5.711060902932045e-06, 5.071146028642947e-06, 4.476063948531561e-06, 3.926401936765843e-06, 3.4227024433899027e-06, 2.9654625589913256e-06, 2.5551335241327686e-06, 2.1921202840320086e-06, 1.8767810889299092e-06, 1.6094271405406865e-06, 1.3903222849333511e-06, 1.2196827521475405e-06, 1.097676942800558e-06, 1.0244252618962857e-06]}